,Membro,GrupoPET
0,Maria Luiza Cunha,PET Engenharia de Alimentos
1,Mariane da Rosa,PET Arquitetura e Urbanismo
2,Kaique Alves,PET Bacharelado em Ciência da Computação
3,Catarina Castro,PET Bacharelado em Sistemas de Informação
4,Cauã da Costa,PET Medicina Veterinária
5,Alexia Porto,PET Geografia
6,João Guilherme Correia,PET Engenharia Elétrica
7,Murilo Araújo,PET Engenharia Elétrica
8,Noah Cardoso,PET Química
9,Gustavo Lima,PET de Engenharia Civil
10,Mariana da Conceição,PET Política Públicas
11,Enrico das Neves,PET Economia Solidária
12,Maria Julia Teixeira,PET História
13,Clara Freitas,PET Zootecnia
14,Manuela Gomes,PET Interdisciplinar Conexões de Saberes
15,Lucas Gabriel Duarte,PET Geografia
16,Cauê da Rocha,PET Geografia
17,Vinicius da Rosa,PET Economia
18,Henrique Correia,PET Engenharia Civil
19,Lorena Carvalho,PET Biologia
20,Mirella Castro,PET Engenharias
21,Olivia Silva,PET Matemática (Licenciatura)
22,Luana Aragão,PET Bacharelado em Zootecnia
23,Pedro Lucas da Mata,PET Informática
24,Marina Barros,PET Conexões de Saberes Serviço Social
25,Esther da Paz,PET Medicina UFTM
26,Vitor Hugo Carvalho,PET Letras
27,Otávio Barros,PET Música em Etnografia
28,Ana Beatriz Barbosa,PET Bacharelado em Zootecnia
29,Maria Fernanda Dias,PET CoCE
30,Davi Lucca Farias,PET EEL UFSC
31,Heitor Pereira,PET Biologia
32,Marcelo Oliveira,PET Escola de Comunicação
33,Danilo da Cunha,PET Ciência da Computação
34,Rafael Monteiro,PET Biologia
35,Murilo Cunha,PET Engenharia Elétrica
36,Olivia da Paz,PET Bio Pontal
37,Kamilly da Rosa,PET Engenharia Civil
38,Isadora Fernandes,PET Biologia
39,Mariana Cunha,PET Agronomia
40,Murilo Dias,GET Telecom
41,Eduarda Alves,PET Agronomia
42,Breno Cavalcanti,PET Matemática
43,Otávio da Mata,PET Física
44,Bernardo Almeida,PET Física
45,Lorena Pereira,PET Química Ambiental
46,Lavínia Teixeira,PET Ciências Natuais
47,Joaquim Costa,PET Engenharia de Alimentos
48,Alana Fogaça,PET Administração Pública
49,Augusto Costela,PET Medicina Veterinária
50,João Vitor Carvalho,PET Intercultural Indígena
51,Noah Pinto,PET Práxis
52,Samuel Santos,PET Ciências Agrárias
53,Marcelo Barros,PET Zootecnia
54,João Miguel da Mata,PET Engenharia Civil
55,Olivia Fogaça,PET AgroEnergia
56,Julia Fernandes,PET Ciências Biológicas
57,Nathan Moraes,PET Práticas de Letramento
58,Maria Alice da Luz,PET Educação Física
59,Thales Fogaça,PET Cinema
60,João Nascimento,PET Design
61,Nicole Alves,PET Conexões de Saberes - Licenciaturas e Serviço Social
62,Lucas Melo,PET Tecnologia em Alimentos
63,Catarina Castro,PET Engenharia Civil
64,Henrique Jesus,PET Química
65,Benício Oliveira,PET Engenharia de Controle e Automação
66,Bruno Gonçalves,PET Conexões de Saberes Ciências da Natureza e Matemática
67,Isadora Viana,PET Biologia
68,Otávio Porto,PET Engenharia de Alimentos
69,Davi Lucca Ribeiro,PET Comunicação Social
70,Leandro Fernandes,PET Agronomia
71,Ana Julia Novaes,PET Cinema
72,Mariane Ramos,PET Conexões de Saberes Estatísticos
73,Clarice Viana,"PET Zootecnia ""João Dimas Graciano"""
74,Caio Nunes,PET Geografia
75,Benjamin Souza,PET AgroEnergia
76,Ana Carolina Peixoto,PET Indígena - Ações em Saúde
77,Gabriel Costa,PET Geografia
78,Sophie Nascimento,PET Ações das Engenharias
79,Stephany Dias,PET Arquitetura e Urbanismo UFSC
80,Luiza Melo,PET Geografia
81,Maria Eduarda da Costa,PET Geografia
82,Gabrielly Barros,PET Intervenção Socioambiental em Uruçuí-Una
83,Sofia Viana,PET Educação Física
84,Natália Sales,PET Comunicação Social
85,Stephany Barros,"PET Ciência, Tecnologia e Inovação"
86,Raul Sales,PET Conexões Acesso e Sucesso no Ensino Superior
87,Isadora Fogaça,PET Medicina Veterinária
88,Alice Cunha,PET Comunicação Social
89,Maria Sophia Ribeiro,PET Educação Física
90,Ana Julia Martins,PET Engenharia Química
91,Lívia da Cruz,PET Engenharia de Pesca
92,Amanda Correia,PET Geografia
93,Lucas Gabriel Jesus,PET Conexões de Saberes Ciências da Natureza e Matemática
94,Lucca Teixeira,PET Engenharia Elétrica
95,Bianca Sales,PET Engenharia Ambiental
96,Maitê da Conceição,PET Economia
97,Luiza da Cunha,PET Parasitologia
98,Elisa Aragão,PET Matemática
99,Luiz Otávio Azevedo,PET Geografia
100,Stephany Gonçalves,PET Medicina Veterinária
101,Caroline da Costa,Pet Engenharia Florestal
102,Bruna Nogueira,PET Ciência da Computação
103,Kamilly Castro,PET Elétrica
104,Cauê das Neves,PET Ciência da Computação
105,Daniela Cunha,PET Letras
106,Lorenzo Azevedo,PET Letras
107,Luna da Mata,PET Engenharias
108,Isis da Rocha,PET Geologia
109,Luiz Otávio Teixeira,PET Agronomia
110,Sofia Fernandes,PET Práticas de Letramento
111,Manuela da Costa,PET Educação Física e Lazer
112,Leandro Freitas,PET Engenharia de Controle e Automação
113,João Pedro Freitas,PET Física
114,Luiz Felipe Jesus,PET Ciências Biologicas
115,Pedro Henrique da Paz,PET Física
116,Mirella Nascimento,PET Engenharia Civil
117,Pedro Barros,PET Matemática
118,Maysa da Mata,PET Engenharia Florestal
119,Benício Nunes,PET Geologia
120,Enzo Pereira,PET Engenharia de Alimentos
121,Maria Eduarda Pinto,PET Engenharia de Alimentos
122,Samuel Cunha,PET ENGENHARIA QUÍMICA
123,Vinicius Jesus,PET Computação
124,Rafael Dias,PET Intervenção Socioambiental em Uruçuí-Una
125,Ana Sophia Fogaça,PET Engenharia Elétrica
126,Lucca Azevedo,PET Bacharelado em Zootecnia
127,Pedro Lucas Ribeiro,PET Administração
128,Lucas Oliveira,PET Conexões de Saberes: Cenários de Práticas e Estágios Curriculares Noturnos
129,João Lucas Fogaça,PET Farmácia
130,Marina Barbosa,PET Comunidades Urbanas - Conexões de Saberes
131,Evelyn Santos,PET em Ciência da Computação
132,Emanuella Castro,PET Letras
133,Milena da Rocha,PET Engenharia Elétrica
134,Ana Laura Teixeira,PET Física
135,Isaac Castro,PET Geografia
136,Anthony das Neves,PET Pedagogia
137,Mirella Porto,PET Parasitologia
138,Daniela da Conceição,PET Biologia
139,Maria Eduarda da Mata,PET Bacharelado em Ciência da Computação
140,Lívia Pereira,PET Biologia
141,Melissa Pires,PET Pedagogia
142,Maysa Alves,PET Administração
143,Pedro Alves,PET Música
144,Mariane Ribeiro,PET Engenharia de Produção
145,João Miguel Correia,PET Odontologia
146,Olivia da Mota,PET Geografia
147,Stella Correia,PET Geografia
148,Lorenzo Silveira,PET Odontologia
149,Heloísa Ramos,PET Bacharelado Interdisciplinar em Ciência e Economia
150,Manuela Rodrigues,PET Matemática
151,Thomas da Rocha,PET Química
152,Sophie Araújo,Pet Engenharia Florestal
153,Bruno da Mata,PET Comunicação Social
154,Caroline Novaes,PET Indígena
155,Marcelo Barbosa,PET Arquitetura e Urbanismo UFSC
156,Henrique Pinto,PET Participação e Controle Social em Saúde
157,Samuel Peixoto,PET Indígena
158,João Lucas Porto,PET Engenharia Civil
159,Larissa Novaes,PET Conexões Ciência da Computação
160,Luiz Otávio Duarte,PET Engenharia Civil
161,Maria Vitória Nunes,PET Engenharia Química
162,Augusto Correia,PET Agronomia - IFPA
163,Luiz Fernando Cunha,PET Indígena
164,Nicole Silva,PET Biomecânica
165,Helena da Cunha,PET Conexões de Saberes Estatísticos
166,Davi Martins,PET Física
167,Davi Porto,PET Psicologia Geografia/Ciências Sociais
168,Davi da Luz,PET Arquitetura e Urbanismo
169,Cecília Jesus,PET Biologia
170,Yasmin Rocha,PET Indígena
171,Bárbara Silveira,PET Engenharia Elétrica
172,Emanuel Costela,PET Licenciaturas
173,Joaquim Mendes,PET Pedagogia
174,Lorena Monteiro,PET Enfermagem
175,João Lucas Castro,PET Geografia
176,Bryan Barros,PET Matemática
177,Bruno Fogaça,PET Economia
178,Enzo Gabriel Dias,PET Nutrição
179,Caroline Moura,GET Medicina
180,Lucca Cardoso,PET Engenharia Civil
181,Pedro Pereira,PET Biologia
182,Ana Luiza Cardoso,PET Arquitetura e Urbanismo UFSC
183,Antônio Dias,PET Medicina Veterinária
184,Nina Ribeiro,PET Geografia
185,Kamilly Sales,PET Ciência da Computação
186,Leonardo Castro,GET Medicina
187,Mariana Barros,PET Design
188,Davi Martins,PET Engenharia Agrícola
189,Júlia Ribeiro,PET Engenharia Química
190,Alexandre Cunha,PET Matemática
191,Davi Lucas Ribeiro,PET Bacharelado em Zootecnia
192,Maria Alice Castro,PET Farmácia
193,Alice Novaes,PET Cidade Saúde e Justiça
194,Cauã Viana,PET Administração
195,Ryan da Paz,PET Engenharia de Computação
196,Kaique Azevedo,PET Engenharia Química
197,Carolina Costela,PET Engenharia Elétrica
198,Otávio Oliveira,PET Informática
199,Luiz Felipe da Mata,PET Geografia
200,Joaquim Fernandes,PET Física
201,Juan Viana,PET Conexões de Saberes: Comunidades Indígenas
202,Nicole Freitas,GET Medicina
203,João Felipe Caldeira,PET Letras
204,Alice Lopes,PET Geografia
205,Larissa Alves,PET Geografia
206,Eduarda da Mata,PET Geologia UFC
207,Luiz Henrique Costa,PET Odontologia
208,Benjamin Pires,PET Química
209,Pietro Melo,PET Engenharia Elétrica
210,Isabelly da Rocha,PET Enfermagem
211,Julia da Mata,PET Nutrição
212,Milena da Cunha,PET Geografia
213,Emanuella da Paz,PET Engenharia Civil
214,Stephany Cardoso,PET Nutrição
215,Vitor Gabriel Cavalcanti,PET Escola de Comunicação
216,Maria Fernanda Jesus,PET Engenharia Civil
217,Breno Nogueira,PET Matemática
218,Diego Teixeira,PET Agronomia - IFPA
219,Agatha Aragão,PET Comunicação Social
220,Nicolas Almeida,PET Química Ambiental
221,Daniela Nunes,PET Bio Pontal
222,Maria Cunha,PET Letras
223,Clarice da Paz,PET Educação Física
224,Lavínia Lopes,PET Matemática
225,Marcela Alves,PET Biologia
226,Paulo Cunha,PET Enfermagem
227,Pedro Lucas Nascimento,PET História
228,Vitor Hugo Gomes,PET Letras
229,Pedro Henrique Jesus,PET Física
230,Diego Cardoso,PET Engenharia Química
231,Yago Santos,PET GAPE
232,Vicente da Luz,PET Engenharias
233,Isabelly Viana,PET Ciências Natuais
234,Davi Lucas Rezende,PET Física
235,Guilherme da Cruz,PET Solos: agregando saberes
236,Emilly Oliveira,PET Bacharelado Interdisciplinar em Ciência e Economia
237,Juan Azevedo,PET Administração Pública
238,Gabriela Caldeira,PET Engenharia Elétrica
239,Laís Fogaça,GET Engenharia Mecânica
240,Natália Caldeira,PET Ciência da Computação
241,Pietra Cardoso,PET Farmácia
242,Vitor Gabriel Castro,PET Educação Física
243,Raquel Cardoso,PET Engenharia Mecânica
244,Júlia Azevedo,PET Zootecnia UFSM
245,Alícia Correia,PET Engenharia Florestal
246,Isabella Mendes,PET Educação Física
247,Maysa da Luz,PET Ciência e Tecnologia
248,Caio Azevedo,PET Indígena
249,Lucca Costela,PET Economia
250,Davi Lucas Costela,PET Serviço Social
251,Maria Sophia Ramos,PET Enfermagem
252,Agatha Jesus,PET Matemática
253,Alexia Souza,PET Interdisciplinar Conexões de Saberes
254,Maria Clara Carvalho,PET Enfermagem
255,João Miguel Araújo,PET Química
256,Maysa Ramos,PET Administração
257,Pedro Oliveira,PET Cidade Saúde e Justiça
258,Rebeca Martins,PET Fronteiras: Saberes e Práticas Populares
259,Raquel Dias,PET Administração
260,Diogo das Neves,PET Práticas de Letramento
261,Luiz Henrique Costa,PET Protagonismo Juvenil em Periferias Urbanas
262,Alice Castro,PET Conexões de Saberes: Comunidades Indígenas
263,Gustavo Henrique Peixoto,PET Medicina
264,Rafael Azevedo,PET Conexões Administração
265,Luiz Felipe da Cruz,PET-Letras
266,Ana Luiza Ramos,PET História
267,Matheus Ramos,PET Matemática
268,Alana Gomes,PET História
269,Caio Cavalcanti,PET Engenharia Agrícola
270,André da Rosa,PET Agronomia
271,Raul Cardoso,PET Engenharia Florestal
272,Pietro das Neves,PET Geografia
273,Alana Costela,PET Zootecnia UFSM
274,Juliana da Luz,PET Agroflorestal
275,Ana Carolina da Luz,PET Cidade Saúde e Justiça
276,Luiza Cardoso,PET Medicina
277,Ana Júlia Cavalcanti,PET Educação Física
278,Vicente Barros,GET Medicina
279,Otávio Porto,PET Matemática
280,Maria Sophia Pereira,PET em Ciência da Computação
281,Daniel Cavalcanti,PET Engenharia de Produção
282,Letícia da Paz,PET Práticas Integradas em Saúde Coletiva
283,Luiz Miguel Moura,PET Matemática
284,Francisco Nunes,PET Zootecnia UFSM
285,Marcos Vinicius Costela,PET Agronomia - IFPA
286,Pietro Costela,PET Zootecnia
287,Enrico Correia,PET Física
288,Diego Silveira,PET Engenharia Agrícola
289,Mariane da Mota,PET Conexões de Saberes - Penedo
290,Julia Ramos,PET Agronomia - IFPA
291,Isabella Araújo,PET Geologia UFC
292,Sophia Mendes,PET Administração
293,Samuel da Cruz,PET Engenharia Mecânica
294,Luiz Henrique Ramos,PET Zootecnia UFSM
295,Luiz Otávio Cardoso,PET Ecologia
296,João Vitor Silva,PET Engenharia Florestal
297,Bárbara Rodrigues,PET Política Públicas
298,Maria Sophia Dias,PET Engenharia Civil
299,Olivia Gonçalves,PET História
300,Ana Vitória Pires,PET Ciências Biológicas
301,Rafael Santos,PET Biotecnologia
302,Joana Freitas,PET Políticas Públicas
303,Luiz Henrique Rezende,PET GAPE
304,Joaquim Moura,PET Zootecnia
305,Bianca Sales,PET Parasitologia
306,Esther Lima,PET Matemática (Licenciatura)
307,Elisa Silveira,PET Intercultural Indígena
308,Enzo Freitas,PET Engenharia de Pesca
309,Caroline Pinto,"PET Conexões de Saberes: Inclusão, Diversidade e Protagonismo"
310,André Moraes,PET GAPE
311,Vicente da Costa,PET Engenharia Civil
312,Benjamin Costa,PET Engenharia Elétrica
313,Caio Pinto,PET Agronomia
314,Catarina Silveira,PET Biologia
315,Luiz Henrique Ribeiro,PET Comunicação Social
316,Raquel Melo,PET Odontologia
317,Manuela Carvalho,PET Humanidades e Letras
318,Maitê Novaes,PET Ecologia
319,Rebeca da Cruz,PET Intercultural Indígena
320,Samuel Silva,PET Matemática
321,Benício Martins,"PET Zootecnia ""João Dimas Graciano"""
322,Luigi da Mota,PET Geografia
323,Bryan Pinto,PET Psicologia
324,Mirella Azevedo,PET Conexões de Saberes: Comunidades Indígenas
325,Kevin Viana,PET Engenharia de Produção
326,Benjamin Souza,PET Engenharia Ambiental
327,Emanuelly da Rocha,PET Escola de Comunicação
328,Maria Fernanda Novaes,PET Matemática
329,Yago Fernandes,PET Educação Física e Lazer
330,Felipe da Costa,PET Biomecânica
331,Bernardo da Luz,PET Engenharia Florestal
332,Sabrina Souza,PET Engenharia Mecânica
333,Gabriela Alves,PET Conexões de Saberes: Comunidades Indígenas
334,Gabriela Cunha,PET Farmácia
335,Alexandre Souza,PET AutoNet
336,Ana Sophia Barros,PET Comunicação Social
337,Rafael da Cruz,PET Engenharias da Mobilidade
338,Danilo Costa,PET Engenharia Agrícola
339,Renan Costa,PET Bacharelado em Estatística
340,Maria Alice Nogueira,PET Fisioterapia
341,Augusto da Luz,PET Letras
342,Vinicius Mendes,PET Design
343,Helena Araújo,PET Zootecnia
344,Gabrielly Farias,PET Farmácia
345,Isabelly Almeida,PET EEL UFSC
346,Nicole Peixoto,PET Química
347,Ana Laura Jesus,PET Engenharia Civil
348,Diogo Cavalcanti,PET Floresta
349,Maria Vitória Peixoto,PET Floresta
350,Luiza Carvalho,PET Práticas Integradas em Saúde Coletiva
351,Fernando Rodrigues,PET Ciências Biologicas
352,Felipe Carvalho,PET Serviço Social
353,Caio Azevedo,PET Engenharia Civil
354,Caroline Lima,PET Engenharia Química
355,Thiago Lima,PET Ciências Agrárias
356,Lorena Moura,PET Bacharelado em Zootecnia
357,Leandro da Conceição,PET Engenharia de Alimentos
358,Evelyn Moreira,PET Biotecnologia
359,Noah da Conceição,PET Zootecnia
360,Davi Lucas Nogueira,PET Cidade Saúde e Justiça
361,Gustavo Pereira,PET Pedagogia
362,Mirella Gomes,PET Letras
363,Juan Silva,PET Engenharia Mecânica
364,Gustavo Henrique Silva,PET Ecologia
365,Luiz Otávio Cavalcanti,PET Medicina Veterinária
366,Marcos Vinicius Cardoso,PET Intervenção Socioambiental em Uruçuí-Una
367,Gabrielly Nogueira,PET Geografia
368,Vicente Pereira,PET CoCE
369,Sofia Cavalcanti,PET Engenharia Elétrica
370,Luiz Otávio da Conceição,PET Engenharias
371,Ana Lívia Martins,PET Administração
372,Heitor Castro,PET Biomecânica
373,Carlos Eduardo Moura,PET Zootecnia
374,Rebeca Alves,PET ENGENHARIA QUÍMICA
375,Luana da Costa,PET Biologia
376,Isabelly Silveira,PET Engenharia de Alimentos
377,Nathan Costa,PET Design
378,Lara Sales,PET Conexões de Saberes Políticas Públicas de Juventude
379,Ana Clara da Luz,PET Física
380,Ana Clara Pereira,PET Licenciaturas
381,Felipe Duarte,PET Biologia
382,Mariane Lima,PET Biologia
383,João Pedro Pereira,PET Música
384,Pietra Rezende,PET Engenharia Ambiental
385,Ana Clara Ribeiro,PET Biologia
386,Diogo Castro,PET Química
387,Benjamin da Costa,PET Bacharelado em Engenharia Elétrica
388,Maria Vitória Costa,PET Farmácia
389,Rebeca Rezende,PET Administração
390,Melissa Araújo,GET Engenharia Computacional
391,Luiz Henrique Duarte,"PET Conexões de Saberes: Inclusão, Diversidade e Protagonismo"
392,Ana Clara Moreira,PET Indígena - Ações em Saúde
393,Benjamin Ribeiro,PET Engenharia Elétrica
394,Agatha Barbosa,PET Conexões de Saberes Ciências da Natureza e Matemática
395,Laura Almeida,PET Química
396,Luiz Henrique Nunes,PET Química
397,Stella da Mota,PET Engenharia de Pesca
398,Yuri Cavalcanti,PET Elétrica
399,Giovanna Jesus,PET Educação
400,Juan Aragão,PET Agro
401,Nathan da Cunha,PET Bacharelado em Zootecnia
402,Emilly Santos,PET Engenharia Florestal
403,Carolina da Paz,PET Arquitetura
404,Mirella Sales,PET Comunicação Social
405,Carlos Eduardo da Luz,PET Produção
406,Lorenzo da Costa,PET Fitoterapia
407,Vinicius Rodrigues,PET Agronomia
408,Ryan Azevedo,PET Biomedicina
409,Cauê Gomes,PET Biologia
410,Cauê Cavalcanti,PET Conexões Acesso e Sucesso no Ensino Superior
411,Lucca Correia,PET Química
412,Vinicius Farias,PET Ciências Agrárias
413,Luna Cardoso,PET Engenharia Elétrica
414,Larissa Novaes,PET ProdBio
415,Bernardo Sales,PET Física
416,Júlia Campos,PET Química
417,Diogo Jesus,PET Administração
418,Júlia Caldeira,PET Política Públicas
419,Arthur Mendes,PET Engenharia de Alimentos
420,Mariana Ramos,PET Física
421,Pedro Campos,PET Tecnologias em Saúde
422,Enzo Gabriel Carvalho,PET Engenharia Agrícola
423,Daniel Duarte,"PET Zootecnia ""João Dimas Graciano"""
424,Pedro Dias,PET EEL UFSC
425,Mirella Jesus,"PET Zootecnia ""João Dimas Graciano"""
426,Levi Silva,PET Administração
427,Luiz Otávio Caldeira,PET Matemática
428,Bárbara Lopes,"PET Conexões de Saberes: Inclusão, Diversidade e Protagonismo"
429,Raquel Freitas,PET Pedagogia
430,Eduarda Lima,PET Geografia
431,Esther Sales,Pet Engenharia Florestal
432,Breno Rocha,PET Farmácia
433,Kevin Melo,PET Biologia
434,Antônio Pires,PET Comunidades Urbanas - Conexões de Saberes
435,Raul Pereira,PET Engenharia de Alimentos
436,Henrique Teixeira,PET Agronomia
437,Calebe da Costa,"PET Conexões de Saberes: Inclusão, Diversidade e Protagonismo"
438,Maria Fogaça,PET Engenharia Civil
439,Marcela da Luz,PET Zootecnia
440,Nina Costa,PET Farmácia
441,Marcelo Monteiro,PET Farmácia
442,Ana Julia Dias,PET Engenharia Elétrica
443,Luigi Araújo,PET Farmácia
444,João Vitor Moreira,PET Tecnologias em Saúde
445,Rafaela Silveira,PET Cinema
446,Alexandre Jesus,PET Conexões Administração
447,Calebe Rodrigues,PET Ciências Agrárias
448,Miguel Moreira,PET Biologia
449,Gabrielly Carvalho,Pet Engenharia Florestal
450,Gustavo Alves,PET Parasitologia
451,Giovanna Costela,PET Nutrição
452,Evelyn Nogueira,PET Serviço Social
453,Rebeca Vieira,PET Cinema
454,Breno Ribeiro,PET Zootecnia
455,Leandro Cardoso,PROPET Fonoaudiologia
456,Levi Sales,PET Agronomia
457,João Miguel Monteiro,PET Política Públicas
458,Pedro Lucas Carvalho,PET Ciência
459,Manuela Rocha,"PET Conexões de Saberes Tecnologias Sociais, Trabalho e Desenvolvimento Social Regional"
460,Igor Carvalho,PET Química
461,Milena Peixoto,PET Agronomia
462,Agatha Nogueira,PET Nutrição
463,Isis Correia,PET Engenharia Biomédica
464,Ana Vitória Souza,PET Engenharia Mecânica
465,Clara Lima,PET Bacharelado em Ciências Biológicas
466,Maria Vitória Costa,PET Enfermagem
467,Mariane Caldeira,PET Informática
468,Natália Azevedo,PET Pedagogia
469,Rafaela Cardoso,PET Agronomia
470,Enzo Gabriel da Luz,PET Administração
471,Theo Martins,PET Farmácia
472,Maitê da Rocha,PET Medicina
473,Kamilly Pinto,PET Direitos
474,Amanda Aragão,PET Agro
475,Maria Clara Lima,PET Engenharia Civil
476,Sophia Fogaça,PET Enfermagem
477,Alana Nogueira,PET Administração
478,Giovanna Martins,PET Geografia
479,Henrique das Neves,PET Agronomia
480,Erick da Mota,PET EEL UFSC
481,Bruna Moura,PET Geografia
482,Sophie Melo,PET Engenharia Elétrica
483,Rebeca Ribeiro,PET Física
484,Raquel Fernandes,PET Química Ambiental
485,Ryan Costela,PET Engenharia de Alimentos
486,Sophia Mendes,PET Administração
487,Isadora Pereira,PET Engenharia de Alimentos
488,Felipe Dias,PET Medicina Veterinária
489,Marina da Rocha,PET Ecologia
490,Maria Sophia da Rosa,PET Conexões de Saberes Ciências da Natureza e Matemática
491,João Guilherme Melo,PET Conexões de Saberes: Cenários de Práticas e Estágios Curriculares Noturnos
492,Beatriz da Rocha,PET Geografia
493,Maria Fernanda Lopes,PET Letras
494,Eduarda Moura,PET Engenharia Florestal
495,Ana Sophia Ferreira,GET Engenharia Ambiental e Sanitária
496,Camila Sales,PET Economia
497,Calebe da Rocha,PET Engenharia de Alimentos
498,Mariane da Costa,PET História
499,Arthur Moreira,PET Engenharia Civil
500,Ana Laura Nogueira,PET Fronteiras: Saberes e Práticas Populares
501,Pedro da Rocha,PET Economia
502,Lívia Rocha,PET Arquitetura e Urbanismo
503,Luiz Felipe Costa,PET Psicologia
504,Benjamin Lopes,PET Conexões Administração
505,Yuri da Conceição,PET Informática
506,Clarice Rodrigues,PET Matemática
507,Stella Ribeiro,PET Engenharia Civil
508,Maria Julia Porto,PET Farmácia
509,Pedro Lucas Caldeira,PET Química
510,Thales Monteiro,PET Engenharia de Produção
511,Alice Almeida,PET Farmácia
512,Helena Viana,PET Geografia
513,Lorenzo Oliveira,PET Design
514,Lívia Moreira,PET Educação Física - Biomecânica
515,Sabrina Lima,PET Zootecnia
516,Kamilly Gomes,PET Agronomia
517,Agatha Martins,PET Farmácia
518,Bárbara Correia,PET Odontologia
519,Ana Julia Barros,PET Engenharia de Alimentos
520,João Lucas Farias,PET Agronomia
521,Bárbara Silva,PET Cinema
522,Ana Júlia Cavalcanti,PET Computação
523,Daniela Barros,PET Geologia
524,João Miguel Monteiro,PET Biologia
525,André Nogueira,PET Ciências Biologicas
526,Joaquim Silveira,PET Ecologia
527,Eduardo Cavalcanti,PET Geologia
528,Lavínia Santos,PET Engenharia Mecânica
529,Thales Barbosa,PET Biologia
530,Ana Sophia Novaes,PET Administração
531,Pietra Correia,PET-Letras
532,Maysa da Costa,PET Bacharelado Interdisciplinar em Ciência e Economia
533,Emanuella Gomes,PET Administração
534,Luigi Cardoso,PET Engenharia de Alimentos
535,Benjamin Silveira,PET Engenharia Civil
536,Diogo Almeida,PET Educação Física - Biomecânica
537,Davi Lucca Cavalcanti,PET Bacharelado em Zootecnia
538,Benjamin Fogaça,PET Matemática
539,Murilo da Paz,PET Computação
540,Enzo Gabriel Moreira,PET Pedagogia
541,Bianca Almeida,PET Agronomia
542,Yuri Araújo,PET Psicologia
543,Alexandre Azevedo,PET Educação Física
544,Joana Dias,PET Engenharia Elétrica
545,Carolina Gonçalves,PET Engenharia de Produção
546,Nina Gomes,PET Geografia
547,Heloísa Sales,PET Comunicação Social
548,Maitê Cardoso,PET Engenharia Civil
549,André Lopes,PET Geografia
550,Agatha da Mota,PET História
551,Sofia Cunha,PROPET Fonoaudiologia
552,Juliana Moreira,PET Administração
553,Maria Fogaça,PET Educação Física e Lazer
554,Vitor Vieira,GET Telecom
555,Maria Alice Mendes,PET Biologia
556,Yuri Fernandes,PET Engenharia Química
557,Joaquim Almeida,PET Bacharelado em Engenharia Elétrica
558,Pedro Oliveira,PET Medicina UFTM
559,Bruna da Paz,PET Biotecnologia
560,Camila Souza,Pet Engenharia Florestal
561,Mariana Duarte,PET Matemática
562,Isabelly Pereira,PET Comunicação Social
563,Stella Silveira,PET História
564,Nathan Azevedo,PET Indígena - Ações em Saúde
565,Alexia Moreira,PET Letras
566,João Pedro Rocha,PET Bacharelado em Engenharia Elétrica
567,Emilly Silva,PET Biologia
568,Melissa Alves,PET Engenharia Mecânica
569,Alana Melo,PET Educação Física - Biomecânica
570,Cecília da Luz,PET Conexões de Saberes: Comunidades Indígenas
571,Luiza Farias,PET Bacharelado em Sistemas de Informação
572,Giovanna Rocha,PET Educação Física e Lazer
573,Nicole Caldeira,PET Agricultura Familiar
574,Eduarda da Mata,PET Biologia
575,Pietro Cardoso,PET Educação Física e Lazer
576,Milena Souza,PET Conexões de Saberes Estatísticos
577,Alana Cavalcanti,PET Design
578,Olivia Alves,PET Pedagogia
579,Maria Clara Aragão,PET Odontologia
580,Diego Martins,PET Biologia
581,Pietra Santos,PET Escola de Comunicação
582,Gabriel Rezende,PET Conexões de Saberes: Cenários de Práticas e Estágios Curriculares Noturnos
583,Eduardo das Neves,PET Comunicação Social
584,Alexia da Costa,PET Física
585,Maria Rodrigues,PET Ciência da Computação
586,Marcelo da Rosa,PET Engenharia Civil
587,Pedro Henrique Rezende,PET Política Públicas
588,Felipe Aragão,PET Química
589,Maria Luiza Costela,"PET Ciência, Tecnologia & Cidadania"
590,Isaac da Cunha,PET Conexões de Saberes Estatísticos
591,Marcos Vinicius Peixoto,PET Letras
592,Enzo Gabriel Santos,PET Agronomia
593,Maria Sophia Correia,PET Enfermagem
594,Gabriela da Mata,"PET Ciência, Tecnologia & Cidadania"
595,Henrique Barros,PET Pedagogia
596,Larissa da Rosa,PET Ciências
597,Gabrielly Rezende,PET Geografia
598,Danilo Barros,PET Comunicação Social
599,Luiz Otávio da Mota,PET Biologia
600,Isabelly Costela,PET Educação Física
601,Enzo Gabriel Moreira,PET Ciência da Computação
602,Rebeca Ribeiro,PET Pedagogia UFSC
603,Luiz Felipe Barbosa,PET Bacharelado em Engenharia Elétrica
604,Enzo Lopes,PET Medicina UFTM
605,Letícia Pereira,PET Cidade Saúde e Justiça
606,Ana Carolina Costela,PET Biotecnologia
607,Gabriela Rodrigues,PET Psicologia
608,Nicolas Ramos,PET Engenharia de Alimentos
609,Evelyn Santos,PET Enfermagem
610,Sophia Correia,PET Agronomia
611,Júlia Pires,PET Bacharelado em Bioquímica
612,Luigi Pires,PET Bacharelado em Bioquímica
613,Joana da Paz,PET Biologia
614,Sofia Pinto,PET Física
615,Ana Clara Gomes,PET Administração
616,Francisco da Cunha,PET Matemática (Licenciatura)
617,Maria Sophia Teixeira,PET Odontologia
618,João Lucas Jesus,PET Ciências Agrárias
619,Joana Costa,PET Engenharia Elétrica
620,Rafaela Caldeira,PET Medicina Veterinária
621,Danilo Fernandes,PET Agronomia
622,João Pedro da Mota,PET Física
623,Benício da Cruz,PET Engenharia Civil
624,Yuri da Costa,PET História
625,João Felipe Peixoto,PET Economia
626,Luiz Fernando Jesus,PET Geografia
627,Benjamin Costela,"PET Zootecnia ""João Dimas Graciano"""
628,Daniela Rezende,PET Engenharia Agrícola
629,Fernanda Melo,PET Engenharia de Alimentos
630,André Azevedo,PET Química
631,Mariana Moraes,PET Farmácia
632,Rodrigo Fernandes,PET Medicina UFTM
633,Bernardo Gonçalves,PET Engenharia Mecânica
634,João Guilherme Ramos,GET Engenharia Computacional
635,Ana Lívia Fogaça,PET Medicina Veterinária
636,Carlos Eduardo Dias,PET Conexões Acesso e Sucesso no Ensino Superior
637,Lucas Gabriel Silva,PET Engenharia Civil
638,Pedro Lucas da Paz,PET Bacharelado em Ciências Biológicas
639,Luana Barbosa,PET Geografia
640,Bianca Lima,"PET Zootecnia ""João Dimas Graciano"""
641,Natália Teixeira,PET Bacharelado em Sistemas de Informação
642,Ana Julia Gomes,PET Ciência da Computação
643,Catarina Ferreira,PET Engenharia de Alimentos
644,Ana Lívia Fernandes,PET Serviço Social
645,Gabriel Jesus,Pet Engenharia Florestal
646,Cauê Fernandes,PET Medicina Veterinária
647,Renan Barbosa,PET Indígena
648,Ana Clara Silva,PET Engenharias
649,Esther Rodrigues,PET Engenharia Mecânica
650,Joaquim Lopes,PET Agronomia
651,Beatriz Moura,PET Economia Solidária
652,Ana Sophia Pires,"PET Conexões de Saberes: Inclusão, Diversidade e Protagonismo"
653,Ana Júlia Moura,PET Bacharelado em Engenharia Elétrica
654,Marina Aragão,PET Estratégias para Diminuir a Retenção e a Evasão
655,Helena Vieira,PET Biblioteconomia e Ciência da Informação
656,Pedro Miguel Farias,PET Farmácia
657,Marina Lopes,PET Geografia
658,Lívia da Mata,GET Telecom
659,Raquel Lopes,PET Engenharia Civil
660,Ian Freitas,PET Comunicação Social
661,Manuela Alves,PET Ciências Agrárias
662,Yuri Gonçalves,PET Medicina Veterinária
663,Carolina Barbosa,PET Música
664,Anthony Barros,PET Ciências Natuais
665,Brenda Souza,PET Psicologia
666,Ana Luiza Vieira,PET Engenharia Mecânica
667,Rodrigo da Conceição,PET Farmácia
668,Alexia Farias,PET Geografia
669,Catarina Teixeira,PET Conexões de Saberes: Cenários de Práticas e Estágios Curriculares Noturnos
670,Maria Vitória Farias,PET Floresta
671,Felipe da Rocha,PET Intervenção Socioambiental em Uruçuí-Una
672,Júlia da Rocha,PET Solos: agregando saberes
673,Gabriela Silva,PET Comunicação Social
674,Vitor Hugo da Rocha,PET Biblioteconomia e Ciência da Informação
675,Isis Gomes,PET Física
676,Renan Correia,PET Comunicação Social
677,Natália Costela,PET Práticas de Letramento
678,Davi Lucas Fogaça,PET Arquitetura e Urbanismo
679,Fernando Barbosa,PET Educação Física - Biomecânica
680,Anthony Caldeira,PET Comunicação Social
681,Vitor da Luz,PET Nutrição
682,Elisa Ramos,PET Engenharia de Alimentos
683,Gabrielly Novaes,PET Biologia
684,Kevin Aragão,PET Engenharia Civil
685,Benício Peixoto,PET Educação Física
686,Daniela Moraes,PET Ciências Natuais
687,Emanuella Melo,PET Matemática
688,Manuela da Cunha,PET Agronomia
689,Lucca Souza,PET Mais Saúde
690,Joaquim Rocha,PET Cinema
691,Julia Santos,PET Música
692,Ana Beatriz Carvalho,PET Pedagogia
693,Helena da Rosa,PROPET Fonoaudiologia
694,Maysa Mendes,PET Odontologia
695,Marcela Moreira,PET Economia Solidária
696,Anthony Nogueira,PET Medicina Veterinária
697,Olivia Fogaça,PET Engenharia Agrícola
698,Beatriz Cunha,PET Letras
699,Camila Nascimento,PET Cidade Saúde e Justiça
700,Stella Vieira,PET Engenharia de Controle e Automação
701,Joaquim Melo,PET Matemática (Licenciatura)
702,João Felipe Castro,PET Engenharia Elétrica
703,Olivia Fogaça,PET Economia
704,Isabel Almeida,PET Bacharelado em Estatística
705,Alice Ramos,PET Fisioterapia
706,Sophia Teixeira,GET Medicina
707,Lavínia da Cruz,PET Ecologia
708,Rafael Moreira,PET Engenharia Civil
709,Joaquim Barros,GET Telecom
710,Eloah da Rocha,PET Tecnologias em Saúde
711,Ana Vitória Duarte,PET Conexões de Saberes Socioambientais
712,Isadora Oliveira,PET Química
713,Caroline Duarte,PET História
714,Heitor Ramos,PET Química
715,Sophia Nunes,PET Engenharia Têxtil
716,Nina Ferreira,PET GAPE
717,Amanda Novaes,PET Biologia
718,Bruno Moreira,PET Agricultura Familiar
719,Júlia da Rosa,PET Medicina UFTM
720,Danilo Costela,PET ProdBio
721,Anthony Gonçalves,PET Cidade Saúde e Justiça
722,Daniel Moraes,PET Pedagogia
723,Maria Julia Araújo,PET Enfermagem
724,Gustavo Henrique Santos,PET Engenharia de Produção
725,Pedro Peixoto,PET Agronomia
726,Luiz Henrique Silveira,PET Engenharia Civil
727,Rafael Alves,PET Engenharia de Produção
728,Bernardo Sales,PET Engenharia Civil
729,Daniel Nunes,PET Conexões Licenciaturas
730,João Vitor Cavalcanti,PET Ciências Biológicas
731,Yuri Teixeira,PET Arquitetura e Urbanismo
732,Diego Barros,PET Bacharelado em Bioquímica
733,Arthur Costela,PET Matemática
734,João Guilherme Castro,PET Engenharia Elétrica
735,Davi Lucca Jesus,PET Engenharia de Produção
736,Henrique Costela,PET Geologia
737,Ana Carolina Freitas,PET Humanidades e Letras
738,Vitor Hugo Moraes,PET Ciências Natuais
739,Antônio Ferreira,PET Biologia
740,Vicente Peixoto,PET Agronomia
741,Miguel Pires,PET Solos: agregando saberes
742,João Lucas Campos,PET Medicina Veterinária
743,Nicole Viana,PET Floresta
744,Júlia da Rosa,PET Agronomia
745,Igor Silva,PET EEL UFSC
746,Luiz Gustavo Jesus,PET CoCE
747,Alana Martins,"PET Ciência, Tecnologia & Cidadania"
748,Marina Fernandes,PET Química
749,Benício Ferreira,PET Conexões Urbanas
750,Ana Júlia Ferreira,PET Parasitologia
751,Lucas Jesus,PET Geografia
752,Joaquim Freitas,PET Administração
753,Elisa Porto,PET Geografia
754,Joana Dias,PET Engenharia Elétrica
755,Alexandre da Mota,PET Letras
756,Augusto Moraes,PET Matemática
757,Ryan Porto,PET Práxis
758,Ana Carolina Rezende,PET Matemática (Licenciatura)
759,Daniel Monteiro,PET Conexões Administração
760,Esther Farias,PET Engenharia Agrícola
761,Davi Lucas Silveira,PET Tecnologias em Saúde
762,Antônio Jesus,PET Design
763,Elisa Jesus,PET Engenharia de Alimentos
764,Isabel das Neves,PET em Ciência da Computação
765,Guilherme da Rocha,PET Engenharia de Pesca
766,Joaquim da Rosa,PET Odontologia
767,Lívia Porto,PET Matemática
768,Juliana Costa,PET Odontologia
769,Caio Nunes,PET Administração
770,Raul Rodrigues,PET Geologia
771,Kamilly Ferreira,PET Engenharia Mecânica
772,Diego Barbosa,PET Engenharias da Mobilidade
773,Kevin Gomes,PET Biomedicina
774,Kevin da Mota,PET Práticas Integradas em Saúde Coletiva
775,Camila Moreira,PET Computação
776,Yuri Moraes,PET Solos: agregando saberes
777,Ana Laura Monteiro,PET Biologia
778,Leandro da Costa,PET Comunicação Social
779,Mirella da Luz,PET Ciências Natuais
780,Esther Freitas,PET Geografia
781,João Miguel Farias,PET Bacharelado Interdisciplinar em Ciência e Economia
782,Pietro Gonçalves,PET Educação Física
783,Stephany Santos,PET Zootecnia UFSM
784,Brenda Oliveira,PET Geografia
785,Luiz Otávio Freitas,PET Engenharia Civil
786,João Mendes,PET Engenharia Civil
787,Emanuella Araújo,PET GAPE
788,Vinicius Melo,PET História
789,Danilo Ramos,PET Odontologia
790,Eloah Barros,PET Fitoterapia
791,Antônio Mendes,PET Engenharia Elétrica
792,Rafaela Caldeira,PET Conexões de Saberes Ciências da Natureza e Matemática
793,Rebeca da Rocha,PET Participação e Controle Social em Saúde
794,Sabrina Costela,PET Matemática
795,Isabelly Santos,PET Computação
796,Carlos Eduardo Almeida,PET Enfermagem
797,Theo Costela,PET Conexões de Saberes Socioambientais
798,Eduarda Vieira,PET Nutrição
799,Luiza da Rocha,PET Engenharia Elétrica
800,Isis Mendes,PET Computação
801,Leonardo Cunha,PET Intervenção Socioambiental em Uruçuí-Una
802,Erick Souza,PET Engenharia de Computação
803,Daniel Barros,GET Engenharia Computacional
804,Isaac Fernandes,PET Engenharia Química
805,Alexia Duarte,PET Economia
806,Enrico Cavalcanti,PET Matemática
807,Paulo Souza,PET Economia
808,Cauê Pereira,PET Engenharia Elétrica
809,Ana Júlia da Costa,PET Biologia
810,Kevin Gomes,PET Engenharia Civil
811,Clara Nascimento,PET Geografia
812,Kevin Nogueira,PET Engenharia Mecânica
813,Calebe Caldeira,PET Geografia
814,Raul Jesus,PET Enfermagem
815,Bruno da Mata,PET Matemática
816,Isaac Moura,PET Engenharia de Alimentos
817,Alice Aragão,"PET Conexões de Saberes Tecnologias Sociais, Trabalho e Desenvolvimento Social Regional"
818,João Lucas Fernandes,GET Engenharia Ambiental e Sanitária
819,Elisa Oliveira,PET Biomecânica
820,Pedro Martins,PET EEL UFSC
821,Bruna Peixoto,PET Geografia
822,Isaac Oliveira,PET Comunicação Social
823,Larissa Costela,PET Conexões de Saberes: Comunidades Indígenas
824,Felipe Almeida,PET Tecnologias em Saúde
825,Maria Cecília Cunha,PET Medicina Veterinária
826,Mariane Melo,PET Matemática (Licenciatura)
827,Maria Sophia Porto,PET Engenharia Elétrica
828,Enzo Cardoso,PET Comunidades Urbanas - Conexões de Saberes
829,João Novaes,PET Ciências Biológicas
830,Kamilly Peixoto,PET Letras
831,Heloísa Campos,PET Matemática
832,Maysa Moreira,"PET Zootecnia ""João Dimas Graciano"""
833,Guilherme Fogaça,PET Conexões de Saberes Estatísticos
834,Alícia Nogueira,PET Fisioterapia
835,Ana Julia Nunes,PET Engenharia de Alimentos
836,Marcos Vinicius Nunes,PET Ciência da Computação
837,Isabel Freitas,PET Engenharia Elétrica
838,Rafael Nunes,PET Física
839,Luiz Otávio Mendes,PET Engenharia Ambiental
840,Amanda Lima,PET Computação
841,Gabriel da Mata,GET Medicina
842,Luana Gonçalves,PET Ciência da Computação
843,Luiz Fernando Correia,PET Zootecnia UFSM
844,Stella Fogaça,PET Agroflorestal
845,Isis Pires,PET Administração
846,Mirella Farias,PET Química
847,Gustavo Ferreira,PET Matemática
848,Julia Cardoso,PET Direitos
849,Vitória Duarte,PET Educação Física
850,Henrique Pereira,PET Química
851,Emanuella Caldeira,PET Biblioteconomia
852,Cauã Almeida,"PET Conexões de Saberes Tecnologias Sociais, Trabalho e Desenvolvimento Social Regional"
853,Emanuel Pires,PET Psicologia Geografia/Ciências Sociais
854,Juan Rodrigues,PET Ciência da Computação
855,João Felipe Moreira,PET GAPE
856,Maria Eduarda Aragão,PET Letras
857,Lorena Pereira,PET Práticas de Letramento
858,Davi Lucas Viana,PET Química
859,Antônio Araújo,PET Pedagogia UFSC
860,Luana Melo,PET Parasitologia
861,Vitor Hugo Almeida,PET Administração
862,Clarice Cardoso,PET Conexões de Saberes Ciências da Natureza e Matemática
863,Augusto Costa,PET Engenharia de Alimentos
864,Nicolas Azevedo,PET Música em Etnografia
865,Pedro Barros,PET Engenharia Química
866,Maria Cecília Vieira,PET Conexões de Saberes: Comunidades Indígenas
867,Stella Rezende,PET Odontologia
868,Marcela Barros,PET Conexões de Saberes Estatísticos
869,Clarice Azevedo,PET Zootecnia
870,Elisa Fernandes,PET Economia
871,Eduarda Peixoto,PET Ciências Agrárias
872,Lorena Lima,PET Ciência da Computação
873,Otávio Rocha,PET Engenharia Elétrica
874,Giovanna Teixeira,PET Floresta
875,Ana Vitória Ribeiro,PET Intervenção Socioambiental em Uruçuí-Una
876,Beatriz da Paz,PET Computação
877,Clarice Jesus,PET Geografia
878,Emanuelly Cavalcanti,PET Engenharia Mecânica
879,Henrique Lima,PET Engenharia Química
880,Elisa Pires,PET Bacharelado em Sistemas de Informação
881,Kamilly Cavalcanti,PET Engenharia Mecânica
882,Manuela Gomes,PET Conexões Administração
883,Larissa Fernandes,PET Agronomia
884,Maria Sophia Campos,PET Pedagogia UFSC
885,Fernando Cardoso,PET Agronomia
886,Rodrigo Vieira,PET Conexões de Saberes - Penedo
887,Valentina Rocha,PET Engenharia de Alimentos
888,Murilo Jesus,PET História
889,Levi Gonçalves,PET Geografia
890,Luiz Miguel Araújo,PET Educação Física e Lazer
891,Camila Barros,PET Química
892,Stella Melo,PET Engenharia Química
893,Cauã Viana,PET EEL UFSC
894,João Vitor da Mota,GET Medicina
895,Maria Vitória das Neves,PET História
896,Mirella da Cruz,PET Letras
897,Caio da Cruz,PET Agricultura Familiar
898,Pedro Lucas Oliveira,PET Geologia
899,Gabriel Mendes,PROPET Fonoaudiologia
900,Luiz Fernando Costela,GET Engenharia Ambiental e Sanitária
901,Brenda da Costa,PET Ações das Engenharias
902,Maria Vitória Cavalcanti,PET Ciências Agrárias
903,Vinicius Silva,PET Estratégias para Diminuir a Retenção e a Evasão
904,Rafaela Cardoso,PET Psicologia
905,Marcos Vinicius Viana,PET Bacharelado em Zootecnia
906,Isabella Oliveira,PET Práxis
907,Felipe Cavalcanti,PET Ciência da Computação
908,Thiago Lima,PET Geografia
909,Arthur Barbosa,GET Engenharia Computacional
910,Gustavo Henrique Azevedo,PET Engenharia Elétrica
911,Pedro Lucas Rodrigues,PET Fronteiras: Saberes e Práticas Populares
912,Diogo da Mata,PET Zootecnia
913,Davi Santos,PET Medicina
914,Luiz Otávio Pereira,PET Enfermagem
915,Rodrigo Gonçalves,PET Direitos
916,Davi Novaes,PET Engenharia Elétrica
917,Sophia Lopes,PET Bacharelado em Zootecnia
918,Ian Rodrigues,PET Letras
919,Samuel Cavalcanti,PET Ciências Biologicas
920,João Guilherme Cardoso,PET Engenharia Civil
921,Bruno Lima,PET Química
922,Maria Vitória Pinto,PET Química
923,Bernardo Santos,PET Ciências Agrárias
924,Thales Araújo,PET Agronomia
925,Luana Aragão,PET Engenharia Elétrica
926,João Gabriel Novaes,PET Engenharia de Pesca
927,Pedro Henrique Araújo,PET Matemática
928,Lucca Lopes,PET Ciência da Computação
929,Luiz Felipe Farias,PET Conexões de Saberes - Licenciaturas e Serviço Social
930,Rafaela Cardoso,PET Educação Física e Lazer
931,Bianca da Rosa,PET Bacharelado em Estatística
932,Esther Costa,PET Matemática
933,Igor Nogueira,PET Engenharia Química
934,Heitor Peixoto,PET Elétrica
935,Maria Vitória Mendes,PET Física
936,Marcelo Jesus,PET Odontologia
937,Olivia Santos,PET Floresta
938,Fernanda Melo,PET Geografia
939,Emanuel Sales,PET Informática
940,Luiz Felipe Vieira,PET Engenharia Florestal
941,Levi Monteiro,PET Odontologia
942,Julia Dias,PET Engenharia Química
943,Eloah Moreira,Pet Engenharia Florestal
944,Henrique da Paz,PET Biologia
945,Vinicius Rodrigues,PET Agronomia
946,Nicolas Fogaça,PET AutoNet
947,Pedro Miguel Monteiro,PET Produção Leiteira
948,Ana Beatriz Gomes,PET Engenharia de Pesca
949,Gustavo Henrique Campos,GET Telecom
950,Maysa Silveira,PET EEL UFSC
951,Beatriz da Mota,PET Administração
952,Pietra Rodrigues,PET Letras
953,Bianca Lopes,PET Engenharia de Produção
954,João Felipe Viana,PET Ciências Biológicas
955,Theo Cavalcanti,PET História
956,Enzo Martins,PET Arquitetura
957,Lívia da Mata,PET Arquitetura e Urbanismo
958,Joaquim Rodrigues,PET Educação Física e Lazer
959,Raul Barros,PET Engenharias
960,Leandro Santos,PET Práticas Integradas em Saúde Coletiva
961,Ana Carolina Freitas,PET Fitoterapia
962,Sofia Alves,PET Agronomia
963,Letícia Cardoso,PET Agronomia
964,Alexandre Alves,PET Ciência e Tecnologia
965,Helena Moreira,PET Floresta
966,Lara Martins,PET Economia
967,Laís Vieira,PET Química
968,Heitor Vieira,PET Química
969,Vitor Gabriel Moreira,PET Farmácia
970,Guilherme Barros,PET Conexões de Saberes Socioambientais
971,Júlia da Rosa,PET Geologia
972,Júlia Peixoto,PET Nutrição
973,Benício Melo,PET Geografia
974,Milena Ramos,PET Agronomia
975,Esther Vieira,PET Geologia UFC
976,Giovanna Martins,PET Geologia UFC
977,Thiago da Cunha,PET Educação Física
978,Marcela da Mota,PET Zootecnia
979,Emanuel Alves,PET Biotecnologia
980,Amanda da Mota,PET Geografia
981,Danilo Martins,GET Engenharia Ambiental e Sanitária
982,Marina Viana,PET Práxis
983,Catarina Araújo,PET Economia
984,Augusto Moura,PET Geografia
985,Clarice Gonçalves,PET Matemática
986,Stella da Cunha,PET Conexões de Saberes Estatísticos
987,Olivia Carvalho,PET Engenharia Florestal
988,Leandro Duarte,PET Medicina Veterinária
989,Helena Carvalho,PET Educação Física
990,Luiz Gustavo Souza,PET ENGENHARIA QUÍMICA
991,Luana da Cruz,PET Direitos
992,Benício Nunes,PET Engenharia de Alimentos
993,Davi Lucca Gomes,PET Farmácia
994,Guilherme Oliveira,PET Protagonismo Juvenil em Periferias Urbanas
995,Cecília Costela,PET Informática
996,Cecília Cardoso,PET Pedagogia
997,Raul Rezende,PET Ciências Agrárias
998,Nicole Jesus,PET Educação Física
